actor,movie_or_TV_name
Frederick A. Brown,Spider-Man: No Way Home
Michael Le,Spider-Man: No Way Home
Dean Meminger,Spider-Man: No Way Home
Ed Force,Forever Gardens
Ed Force,Sunset in the Park
Ed Force,Spider-Man: No Way Home
Ed Force,Jesse's Gift
Ed Force,Juicy J feat. Lil Baby & 2 Chainz: Spend It
Ed Force,Lusty Crest
Clay Savage,Spider-Man: No Way Home
Clay Savage,The Lie
Clay Savage,Walking with Dinosaurs 3D
Clay Savage,The Marine 3: Homefront
Clay Savage,Dinner and Driving
Clay Savage,Total Security
Clay Savage,Murder One
Darnell Appling,Spider-Man: No Way Home
Darnell Appling,Long Island South Shore
Darnell Appling,K.C. Undercover
Darnell Appling,How to Rock
Rolando Fernandez,The Valet
Rolando Fernandez,Cobra Kai
Rolando Fernandez,Spider-Man: No Way Home
Rolando Fernandez,Heels
Tom Holland,Untitled Fred Astaire Biopic
Tom Holland,Uncharted
Tom Holland,The Daily Bugle
Tom Holland,Spider-Man: No Way Home
Tom Holland,Venom: Let There Be Carnage
Tom Holland,Cherry
Tom Holland,Chaos Walking
Tom Holland,The Devil All the Time
Tom Holland,Onward: Magic Gems
Tom Holland,Onward
Tom Holland,Dolittle
Tom Holland,Spies in Disguise
Tom Holland,Audi Presents: Lunch Break
Tom Holland,Peter's To-Do List
Tom Holland,Spider-Man: Far from Home
Tom Holland,Science Fair
Tom Holland,Avengers: Endgame
Tom Holland,Avengers: Infinity War
Tom Holland,The Current War: Director's Cut
Tom Holland,Peter Parker Takes His Driving Test
Tom Holland,Spider-Man: Homecoming
Tom Holland,"Spider-Man: Homecoming, NBA Finals: Watch the Game"
Tom Holland,Pilgrimage
Tom Holland,The Lost City of Z
Tom Holland,Edge of Winter
Tom Holland,Captain America: Civil War
Tom Holland,In the Heart of the Sea
Tom Holland,Tweet
Tom Holland,Wolf Hall
Tom Holland,Billy Elliot
Tom Holland,How I Live Now
Tom Holland,Locke
Tom Holland,Moments
Tom Holland,The Impossible
Tom Holland,The Secret World of Arrietty
Robert Mitchel Owenby,The Marks
Robert Mitchel Owenby,Spider-Man: No Way Home
Robert Mitchel Owenby,Dopesick
Robert Mitchel Owenby,Shock Docs
Robert Mitchel Owenby,Dead Silent
Robert Mitchel Owenby,Richard Jewell
Robert Mitchel Owenby,Homicide Hunter
Robert Mitchel Owenby,Nowhere USA
Robert Mitchel Owenby,Star
Robert Mitchel Owenby,Simran
Robert Mitchel Owenby,The Troll of Gordon State
Robert Mitchel Owenby,Swamp Murders
Robert Mitchel Owenby,Shots
Robert Mitchel Owenby,Dire Straights
Robert Mitchel Owenby,The Apology Service
Robert Mitchel Owenby,Let's Get Freaky
Robert Mitchel Owenby,Jail Bait
Glenn Keogh,Game Show Hurt
Glenn Keogh,At Your Service
Glenn Keogh,Curb Your Enthusiasm
Glenn Keogh,Spider-Man: No Way Home
Glenn Keogh,Magnum P.I.
Glenn Keogh,Agents of S.H.I.E.L.D.
Glenn Keogh,The OA
Glenn Keogh,Encounter
Glenn Keogh,The Break-In
Glenn Keogh,The Habitation
Glenn Keogh,Scorpion
Glenn Keogh,NCIS
Glenn Keogh,Once Upon a Time
Glenn Keogh,New Girl
Glenn Keogh,Reach Me
Glenn Keogh,Ray Donovan
Glenn Keogh,Days of Our Lives
Glenn Keogh,Transformers: Age of Extinction
Glenn Keogh,Zombeo & Juliécula
Glenn Keogh,Deadtime Stories
Glenn Keogh,Memphis Rising: Elvis Returns
Glenn Keogh,Sons of Anarchy
Glenn Keogh,Undercovers
Glenn Keogh,General Hospital
Glenn Keogh,Black Limousine
Glenn Keogh,Castle
Glenn Keogh,Criminal Minds
Glenn Keogh,Remembrance
Glenn Keogh,I Didn't Know I Was Pregnant
Glenn Keogh,Mystery ER
Marvin E. West,Scare BNB: The Hosts
Marvin E. West,Sparks - The Ken Sparks Story
Marvin E. West,Spider-Man: No Way Home
Marvin E. West,Christmas at the Ranch
Marvin E. West,DRAFTED
Marvin E. West,Christmas at Dollywood
Marvin E. West,The Last Full Measure
Marvin E. West,Above Suspicion
Marvin E. West,Stuber
Marvin E. West,The Stranger
Marvin E. West,Susan Powell: An ID Murder Mystery
Marvin E. West,Life-Size 2
Marvin E. West,Blockers
Marvin E. West,Game Night
Marvin E. West,Princess Diana: Tragedy or Treason?
Marvin E. West,Baby Driver
Marvin E. West,Fatal Attraction
Marvin E. West,Laughing at the Moon
Marvin E. West,#killerpost
Marvin E. West,Homicide Hunter
Marvin E. West,A Country Christmas Story
Marvin E. West,Sins and Secrets
Marvin E. West,42
Marvin E. West,Snapped: Killer Couples
Marvin E. West,Woman in the Mirror
Marvin E. West,The Three Stooges
Marvin E. West,Joyful Noise
Marvin E. West,Teen Wolf
Marvin E. West,Hope
Marvin E. West,Crime Wave: 18 Months of Mayhem
Marvin E. West,Bell Witch: The Movie
Marvin E. West,Growing Hair
Russ Williamson,Spider-Man: No Way Home
Russ Williamson,Last Looks
Russ Williamson,Dear Evan Hansen
Russ Williamson,Irresistible
Russ Williamson,Richard Jewell
Russ Williamson,The Last Full Measure
Russ Williamson,Life Sentence
Russ Williamson,Manhunt
Chad J. Wagner,DMZ
Chad J. Wagner,They Cloned Tyrone
Chad J. Wagner,Spider-Man: No Way Home
Chad J. Wagner,Last Looks
Chad J. Wagner,Heels
Chad J. Wagner,Black Widow
Chad J. Wagner,Supercool
Chad J. Wagner,Holidate
Chad J. Wagner,Dwight in Shining Armor
Chad J. Wagner,P-Valley
Chad J. Wagner,Teenage Bounty Hunters
Chad J. Wagner,The Outsider
Chad J. Wagner,Impractical Jokers: The Movie
Chad J. Wagner,Black Lightning
Chad J. Wagner,Watchmen
Chad J. Wagner,Doom Patrol
Chad J. Wagner,After
Chad J. Wagner,The Haunting of Hill House
Chad J. Wagner,Guardians of the Galaxy Vol. 2
Charlemagne Vida,Spider-Man: No Way Home
Charlemagne Vida,Red Notice
Charlemagne Vida,Bigger
Charlemagne Vida,First Wives Club
Art Sunday,Fetal Position
Art Sunday,Samaritan
Art Sunday,Spider-Man: No Way Home
Art Sunday,Red Notice
Art Sunday,Heels
Art Sunday,The Ms. Pat Show
Art Sunday,First Wives Club
Art Sunday,The Tomorrow War
Art Sunday,Thunder Force
Art Sunday,Dwight in Shining Armor
Art Sunday,Alieu the Dreamer
Art Sunday,Teenage Bounty Hunters
Art Sunday,Doom Patrol
Art Sunday,American Soul
Art Sunday,Sweet Magnolias
Art Sunday,You Can't Take My Daughter
Art Sunday,Sistas
Art Sunday,Richard Jewell
Johnny Serret,In Broad Daylight
Johnny Serret,In America
Johnny Serret,Expiate
Johnny Serret,Karma Strikes
Johnny Serret,Renegade Darlings
Johnny Serret,The Black Sky Under Harper's Rock
Johnny Serret,The Sisters Kardos
Johnny Serret,Trip to the Moon
Johnny Serret,Twenty-Nine
Johnny Serret,Spider-Man: No Way Home
Johnny Serret,Tick
Johnny Serret,Obocho on Broadway
Johnny Serret,Awkwafina Is Nora from Queens
Johnny Serret,The Food That Built America
Johnny Serret,Knucks
Johnny Serret,Tully
Johnny Serret,Years of American Madness from Them
Johnny Serret,The Fearless Two
Johnny Serret,A Space in Time
Johnny Serret,A Star Man
Johnny Serret,In Case of Emergency
Johnny Serret,Younger
Johnny Serret,Rough Night
Johnny Serret,Up North
Johnny Serret,Coincidental Killer
Johnny Serret,NY84
Johnny Serret,Power
Johnny Serret,Callback
Johnny Serret,Little Men
Bryan SilverBax,Step Up: High Water
Bryan SilverBax,Spider-Man: No Way Home
Bryan SilverBax,Creepshow
Bryan SilverBax,The Outsider
Bryan SilverBax,(Future) Cult Classic
Johnny Serret,Edna the Pothead
Johnny Serret,Plant
Johnny Serret,Then That Happened
Johnny Serret,Master of None
Johnny Serret,Behind the Mirror
Johnny Serret,Creative Control
Johnny Serret,I Killed My BFF
Johnny Serret,A Walk Among the Tombstones
Johnny Serret,Blue Bloods
Johnny Serret,Space Cadet
Johnny Serret,Magic Magic
Johnny Serret,Sonic
Johnny Serret,Do Not Disturb
Johnny Serret,Sleep
Johnny Serret,A Voyage for All
Johnny Serret,Favorite One by Far
Johnny Serret,Gossip Girl
Johnny Serret,The Nail: The Story of Joey Nardone
Johnny Serret,Law & Order
Johnny Serret,My Best Friend's Girl
Johnny Serret,What Doesn't Kill You
Bryan SilverBax,Undercover Brother 2
Bryan SilverBax,The Hate U Give
Bryan SilverBax,The Walking Dead
Bryan SilverBax,Logan Lucky
Bryan SilverBax,Ozark
Robert Tinsley,Brothers
Robert Tinsley,Haunted Mansion
Robert Tinsley,DMZ
Robert Tinsley,Shazam! Fury of the Gods
Robert Tinsley,Reptile
Robert Tinsley,She-Hulk
Robert Tinsley,They Cloned Tyrone
Robert Tinsley,Stranger Things
Robert Tinsley,Naomi
Robert Tinsley,Ozark
Robert Tinsley,Cobra Kai
Robert Tinsley,The Last Days of Ptolemy Grey
Robert Tinsley,Spider-Man: No Way Home
Robert Tinsley,Red Notice
Robert Tinsley,Jungle Cruise
Robert Tinsley,The Tomorrow War
Robert Tinsley,The Falcon and the Winter Soldier
Robert Tinsley,Black Lightning
Robert Tinsley,MacGyver
Robert Tinsley,WandaVision
Robert Tinsley,Irresistible
Robert Tinsley,The Walking Dead
Robert Tinsley,Boss Level
Robert Tinsley,Bad Boys for Life
Robert Tinsley,Richard Jewell
Robert Tinsley,Watchmen
Robert Tinsley,The Last Full Measure
Robert Tinsley,Just Mercy
Robert Tinsley,Godzilla: King of the Monsters
Robert Tinsley,Brockmire
Robert Tinsley,Avengers: Endgame
Robert Tinsley,Doom Patrol
Robert Tinsley,The Passage
Robert Tinsley,The Gifted
Robert Tinsley,The Hate U Give
Robert Tinsley,First Man
Robert Tinsley,Ant-Man and the Wasp
Robert Tinsley,Escape Plan 2: Hades
Robert Tinsley,Avengers: Infinity War
Robert Tinsley,Rampage
Robert Tinsley,Manhunt
Robert Tinsley,24: Legacy
Clinton M Nowicke,Just as Good
Clinton M Nowicke,Getting Through
Clinton M Nowicke,Spider-Man: No Way Home
Juan Szilagyi,DMZ
Juan Szilagyi,Class of '09
Juan Szilagyi,Ballad of a Hustler
Juan Szilagyi,"Confess, Fletch"
Juan Szilagyi,Embryo
Juan Szilagyi,Reptile
Juan Szilagyi,Sanctioning Evil
Juan Szilagyi,The Lady Makers
Juan Szilagyi,The Valet
Juan Szilagyi,Black Adam
Juan Szilagyi,I Want You Back
Juan Szilagyi,Spider-Man: No Way Home
Juan Szilagyi,Don't Look Up
Juan Szilagyi,Dopesick
Juan Szilagyi,Losin control
Juan Szilagyi,Mare of Easttown
Juan Szilagyi,Army of the Dead
Juan Szilagyi,The Improviser
Juan Szilagyi,America's Hidden Stories
Juan Szilagyi,The Saint of the Impossible
Juan Szilagyi,A Wilderness of Error
Juan Szilagyi,Defending Jacob
Juan Szilagyi,Lost in Russia
Juan Szilagyi,Maharshi
Juan Szilagyi,Bizzy and the AIMEs
Jorge Lendeborg Jr.,Spider-Man: No Way Home
Jorge Lendeborg Jr.,Night Teeth
Jorge Lendeborg Jr.,Boogie
Jorge Lendeborg Jr.,Bliss
Jorge Lendeborg Jr.,Critical Thinking
Jorge Lendeborg Jr.,Day by Day
Jorge Lendeborg Jr.,Wu-Tang: An American Saga
Jorge Lendeborg Jr.,Spider-Man: Far from Home
Jorge Lendeborg Jr.,Alita: Battle Angel
Jorge Lendeborg Jr.,Bumblebee
Jorge Lendeborg Jr.,"Love, Simon"
Jorge Lendeborg Jr.,Shot
Jorge Lendeborg Jr.,Spider-Man: Homecoming
Jorge Lendeborg Jr.,Brigsby Bear
Jorge Lendeborg Jr.,The Land
Jorge Lendeborg Jr.,Last Chance
Jorge Lendeborg Jr.,Graceland
Jordan Foster,Shazam! Fury of the Gods
Jordan Foster,The Out-Law
Jordan Foster,Spider-Man: No Way Home
Jordan Foster,Evil Twins
Jordan Foster,Venom
Jordan Foster,Term Life
José Alfredo Fernandez,Below Ground Zero
José Alfredo Fernandez,Spider-Man: No Way Home
José Alfredo Fernandez,The Cure
José Alfredo Fernandez,The I Ching Lawyer
José Alfredo Fernandez,Superintelligence
José Alfredo Fernandez,Ozark
José Alfredo Fernandez,The Outsider
José Alfredo Fernandez,Bad Boys for Life
José Alfredo Fernandez,For My Man
José Alfredo Fernandez,Watchmen
José Alfredo Fernandez,Lodge 49
José Alfredo Fernandez,Magnolia
José Alfredo Fernandez,After
José Alfredo Fernandez,Step Up: High Water
José Alfredo Fernandez,The Act
José Alfredo Fernandez,Dynasty
José Alfredo Fernandez,The Rotisserie Man
José Alfredo Fernandez,Black Lightning
José Alfredo Fernandez,Doom Patrol
Cristo Fernández,3 Flowers
José Alfredo Fernandez,Christmas Everlasting
Cristo Fernández,Immigrant Mother
Cristo Fernández,No Vayas a Clase Mañana
Cristo Fernández,Spider-Man: No Way Home
Cristo Fernández,Creatures
Cristo Fernández,Who Speaks Love
Cristo Fernández,Blade of the Assassin
Cristo Fernández,Ted Lasso
Cristo Fernández,Distance
Cristo Fernández,Jano
Cristo Fernández,When you are gone
Cristo Fernández,Me Enredas - Xia
Cristo Fernández,Jaguar
Cristo Fernández,Mis Mejores Días
Cristo Fernández,Intruso
Cristo Fernández,Smoked
Cristo Fernández,El Hada de Las Chelas
Cristo Fernández,Method in Madness
Cristo Fernández,Puedo Explicarlo
Cristo Fernández,TraducLations
Cristo Fernández,Çdo Çast
Cristo Fernández,Vainilla Por La Noche
Cristo Fernández,"The Great Travel Experiment: Brisbane, Australia"
Cristo Fernández,Distract-MEME
Cristo Fernández,Hitman 2
Cristo Fernández,Intermitente
Cristo Fernández,Campeón
Cristo Fernández,New Message Received
Cristo Fernández,Fuera De Serie
Cristo Fernández,"Treintona, Soltera y Fantástica"
Cristo Fernández,Bizet
Jay Karales,Mass State Lottery
Jay Karales,After Dark: Niche Influential Films of the 20th Century
Jay Karales,Spider-Man: No Way Home
Jay Karales,CMFRT_SYSTMS
Jay Karales,The Ice Box
Jay Karales,The Isolation Chamber
Jay Karales,Sewer City TV
Jay Karales,CIVIC-TV
Jay Karales,LP: Japan
Jay Karales,Raspberry Ben's Video Release & DVD
Jay Karales,Uncle Rich
Jay Karales,Convenience Store Diet
Jay Karales,Patriots Day
Jay Karales,Hobomock
Jay Karales,Gooby Pls
Christopher Cocke,Brothers
Christopher Cocke,DMZ
Christopher Cocke,Jerry and Marge Go Large
Christopher Cocke,Shazam! Fury of the Gods
Christopher Cocke,Father of the Bride
Christopher Cocke,Reptile
Christopher Cocke,I Want You Back
Christopher Cocke,Monarch
Christopher Cocke,The Last Days of Ptolemy Grey
Christopher Cocke,Single Drunk Female
Christopher Cocke,Ozark
Christopher Cocke,Long Slow Exhale
Christopher Cocke,Spider-Man: No Way Home
Christopher Cocke,Last Looks
Christopher Cocke,Hawkeye
Christopher Cocke,Red Notice
Christopher Cocke,Doom Patrol
Christopher Cocke,Creepshow
Christopher Cocke,Heels
Christopher Cocke,Vacation Friends
Christopher Cocke,The Suicide Squad
Christopher Cocke,The Tomorrow War
Christopher Cocke,Loki
Christopher Cocke,MacGyver
Christopher Cocke,Thunder Force
Christopher Cocke,The Falcon and the Winter Soldier
Christopher Cocke,Young Rock
Christopher Cocke,Cobra Kai
Christopher Cocke,Hillbilly Elegy
Christopher Cocke,Social Distance
Christopher Cocke,Sweet Magnolias
Christopher Cocke,Black Lightning
Christopher Cocke,Chicago Fire
Christopher Cocke,Dynasty
Christopher Cocke,The Resident
Stephen Branson,Evolution of Nate Gibson
Stephen Branson,Spider-Man: No Way Home
Tommy Campbell,A Stone's Throw Movie
Kyle Bryde,Spider-Man: No Way Home
Kyle Bryde,Untended
Kyle Bryde,A Taste of Christmas
Tommy Campbell,Samaritan
Tommy Campbell,Vengeance: Killer Newlyweds
Tommy Campbell,Ozark
Tommy Campbell,Spider-Man: No Way Home
Tommy Campbell,The Eyes of Tammy Faye
Tommy Campbell,Super Heists
Tommy Campbell,Snapped: Notorious
Tommy Campbell,Snapped
Tommy Campbell,Snapped: Killer Couples
Tommy Campbell,Storm of Suspicion
Tommy Campbell,Genius
Tommy Campbell,Exhumed
Tommy Campbell,Vengeance: Killer Millionaires
Tommy Campbell,The MisAdventures of Wild Bill Elliott
Tommy Campbell,Superintelligence
Tommy Campbell,Lovecraft Country
Tommy Campbell,Stargirl
Tommy Campbell,Vengeance: Killer Families
Tommy Campbell,The Killer Truth
Tommy Campbell,The Mark of a Killer
Tommy Campbell,The Mark of a Killer
Tommy Campbell,Richard Jewell
Tommy Campbell,Watchmen
Tommy Campbell,The Resident
Tommy Campbell,Vengeance: Killer Neighbors
Tommy Campbell,Stranger Things
Tommy Campbell,ATL Homicide
Tommy Campbell,Murder Chose Me
Tommy Campbell,Doom Patrol
Tommy Campbell,Murder Decoded
Tommy Campbell,MacGyver
Tommy Campbell,For My Man
Tommy Campbell,The Haunting of Hill House
Tommy Campbell,The Gifted
Tommy Campbell,Dying to Belong
Tommy Campbell,Homicide Hunter
Tommy Campbell,Nashville
Tommy Campbell,Fatal Attraction
Tommy Campbell,Murder Calls
Tom Hardy,The Things They Carried
Tom Hardy,Mad Max: The Wasteland
Tom Hardy,War Party
Tom Hardy,Havoc
Tom Hardy,Peaky Blinders
Tom Hardy,Spider-Man: No Way Home
Tom Hardy,Venom: Let There Be Carnage
Tom Hardy,Capone
Tom Hardy,Venom
Tom Hardy,Sticky
Tom Hardy,Dunkirk
Tom Hardy,Taboo
Tom Hardy,The Revenant
Tom Hardy,Legend
Tom Hardy,London Road
Tom Hardy,Mad Max: Fury Road
Tom Hardy,Child 44
Tom Hardy,The Drop
Tom Hardy,Locke
Tom Hardy,The Dark Knight Rises
Tom Hardy,Lawless
Tom Hardy,This Means War
Tom Hardy,Warrior
Tom Hardy,Tinker Tailor Soldier Spy
Tom Hardy,"Sergeant Slaughter, My Big Brother"
Tom Hardy,Inception
Tom Hardy,Perfect
Tom Hardy,Riz MC: Sour Times
Tom Hardy,The Take
Tom Hardy,Wuthering Heights
Tom Hardy,The Code
Tom Hardy,Bronson
Tom Hardy,RocknRolla
Tom Hardy,Sucker Punch
Tom Hardy,Oliver Twist
Tom Hardy,The Inheritance
Tom Hardy,Stuart: A Life Backwards
Tom Hardy,The Killing Gene
Tom Hardy,Meadowlands
Tom Hardy,Flood
Tom Hardy,Scenes of a Sexual Nature
Tom Hardy,Marie Antoinette
Tom Hardy,A for Andromeda
Tom Hardy,Minotaur
Tom Hardy,The Virgin Queen
Tom Hardy,Sweeney Todd
Tom Hardy,Batter Up
Tom Hardy,Gideon's Daughter
Tom Hardy,Colditz
Tom Hardy,Layer Cake
Tom Hardy,EMR (2004)
Tom Hardy,LD 50 Lethal Dose
Tom Hardy,Dot the I
Tom Hardy,The Reckoning
Tom Hardy,Star Trek: Nemesis
Tom Hardy,Deserter
Tom Hardy,Black Hawk Down
Tom Hardy,Band of Brothers
Tom Hardy,Get a Grip
Tom Hardy,Tommaso
Tarek al Halabi,Cigarettes & Coffee
Tarek al Halabi,F o R
Tarek al Halabi,Spider-Man: No Way Home
Tarek al Halabi,Be Happy
Tarek al Halabi,Unresolved
Tarek al Halabi,The Afterlife Office
Tarek al Halabi,Scales of Balance
Luke Aitchison,Affairly Diana
Luke Aitchison,Spider-Man: No Way Home
Luke Aitchison,Imani
Luke Aitchison,Assault on VA-33
Luke Aitchison,Looks That Kill
Luke Aitchison,"Ivan Shade, Undead P.I."
Luke Aitchison,Not Another Monster Movie
Luke Aitchison,Alone Together
Luke Aitchison,Lights! Camera! Craig!
Luke Aitchison,Pastor Greg's Reboot - Hope for Christmas
Luke Aitchison,Beyond the Call to Duty
McDaniel Austin,They Cloned Tyrone
McDaniel Austin,Spider-Man: No Way Home
McDaniel Austin,The Deadliest Lie
McDaniel Austin,The Suicide Squad
McDaniel Austin,Coming 2 America
McDaniel Austin,The 4th Quarter
McDaniel Austin,American Soul
McDaniel Austin,Amazing Stories
McDaniel Austin,Legacies
McDaniel Austin,Bad Boys for Life
McDaniel Austin,Watchmen
McDaniel Austin,Black Lightning
McDaniel Austin,White Rose
McDaniel Austin,Keys to the City
McDaniel Austin,Just Mercy
McDaniel Austin,Games People Play
McDaniel Austin,Dynasty
McDaniel Austin,Life in the Fastlane
Willie Burton,Spider-Man: No Way Home
Greg Clarkson,Tyson's Run
Greg Clarkson,Queens
Greg Clarkson,Spider-Man: No Way Home
Greg Clarkson,Genius
Greg Clarkson,Council of Dads
Greg Clarkson,Richard Jewell
Greg Clarkson,Your Pretty Face Is Going to Hell
Greg Clarkson,Godzilla: King of the Monsters
Greg Clarkson,Tales
Greg Clarkson,Boomerang
Greg Clarkson,Your Worst Nightmare
Greg Clarkson,The Resident
Greg Clarkson,Fran K.: Frankenstein
Greg Clarkson,Behind the Movement
Greg Clarkson,Swamp Murders
Greg Clarkson,Survivor's Remorse
Greg Clarkson,The Quad
Greg Clarkson,Necessary Roughness
Greg Clarkson,Anna Nicole
Greg Clarkson,Broken Bridges
Greg Clarkson,Home and Away
Gregory Konow,Spider-Man: No Way Home
Gregory Konow,FBI: Most Wanted
Gregory Konow,Stargirl
Gregory Konow,Pose
Gregory Konow,Godfather of Harlem
Gregory Konow,Greenleaf
Gregory Konow,Blue Bloods
Gregory Konow,An Hour Past A Lifetime
Gregory Konow,The Blacklist
Gregory Konow,The Inspectors
Gregory Konow,God Friended Me
Gregory Konow,Ray Donovan
Gregory Konow,Red Dead Redemption II
Gregory Konow,The Deuce
Gregory Konow,Gotham
Gregory Konow,Halt and Catch Fire
Gregory Konow,Gypsy
Gregory Konow,The Super Man
Gregory Konow,Blindspot
Gregory Konow,The Gateway
Gregory Konow,Mr. Robot
Gregory Konow,The Following
Gregory Konow,Person of Interest
Gregory Konow,Lily & Kat
Gregory Konow,Suck it Up Buttercup
Gregory Konow,Maximum Stache: Quantum Redeemer
Gregory Konow,Law & Order: Special Victims Unit
Gregory Konow,Zero Hour
Gregory Konow,3 Days of Normal
Gregory Konow,Pink and Blue
Gregory Konow,Comics
Gregory Konow,Soldiers in the Shadows
Gregory Konow,How I Got Lost
Gregory Konow,Grand Theft Auto IV: The Lost and Damned
Gregory Konow,Vanish
Gregory Konow,Last Call
Gregory Konow,Grand Theft Auto IV
Gregory Konow,The 11:30 Showing
Gregory Konow,It Doesn't Matter Where You Are Going
Gregory Konow,Parenthesis
Gregory Konow,In the Dark
Zany Dunlap,Spider-Man: No Way Home
Andrew Dunlap,Spider-Man: No Way Home
Minnah Dunlap,Spider-Man: No Way Home
B. Clutch Dunlap,Spider-Man: No Way Home
Gary Weeks,Nightmare City
Gary Weeks,Southern Gospel
Gary Weeks,The Mulligan
Gary Weeks,Sweet Magnolias
Gary Weeks,Spider-Man: No Way Home
Gary Weeks,Outer Banks
Gary Weeks,The Tomorrow War
Gary Weeks,His Killer Fan
Gary Weeks,Greenland
Gary Weeks,Die Hart
Gary Weeks,Mile High Escorts
Gary Weeks,Limbo
Gary Weeks,Purity Falls
Gary Weeks,Love Takes Flight
Gary Weeks,Five Feet Apart
Gary Weeks,Little Ghosts
Gary Weeks,Instant Family
Gary Weeks,Silencer
Gary Weeks,Cloak & Dagger
Gary Weeks,Nightclub Secrets
Gary Weeks,Hap and Leonard
Gary Weeks,Rampage
Gary Weeks,The Inspectors
Gary Weeks,The 15:17 to Paris
Gary Weeks,The Haves and the Have Nots
Gary Weeks,Spider-Man: Homecoming
Gary Weeks,All Eyez on Me
Gary Weeks,The Fate of the Furious
Gary Weeks,MacGyver
Gary Weeks,Hidden Figures
Gary Weeks,Killing Reagan
Gary Weeks,Sully
Gary Weeks,Greenleaf
Gary Weeks,Halt and Catch Fire
Gary Weeks,Annabelle Hooper and the Ghosts of Nantucket
Gary Weeks,The Nice Guys
Gary Weeks,Interwoven
Gary Weeks,Saints & Sinners
Gary Weeks,Allegiant
Gary Weeks,South of Hell
Gary Weeks,Devious Maids
Gary Weeks,Self/less
Gary Weeks,Complications
Gary Weeks,Jurassic World
Gary Weeks,For the Love of Ruth
Gary Weeks,Finding Carter
Gary Weeks,Project Almanac
Gary Weeks,Hindsight
Gary Weeks,The Assault
Gary Weeks,Satisfaction
Gary Weeks,Reckless
Gary Weeks,Resurrection
Gary Weeks,Bet on Red
Gary Weeks,Love Sick Lonnie
Gary Weeks,Ride Along
Gary Weeks,Company Town
Gary Weeks,Anchorman 2: The Legend Continues
Gary Weeks,Devil's Knot
Gary Weeks,Under the Dome
Gary Weeks,Revolution
Gary Weeks,Identity Thief
Gary Weeks,The Spectacular Now
Gary Weeks,Cassandra French's Finishing School for Boys
Gary Weeks,Burn Notice
Gary Weeks,Nashville
Gary Weeks,The Walking Dead
Gary Weeks,Army Wives
Gary Weeks,Drop Dead Diva
Gary Weeks,A Perfect Ending
Gary Weeks,Blackout
Gary Weeks,Fetching
Gary Weeks,Zombie Apocalypse
Gary Weeks,Days of Our Lives
Gary Weeks,The Event
Gary Weeks,Big Love
Gary Weeks,Red Shift
Gary Weeks,NCIS: Los Angeles
Gary Weeks,Next Stop Murder
Gary Weeks,Elena Undone
Gary Weeks,All My Children
Gary Weeks,Parks and Recreation
Gary Weeks,A Line in the Sand
Gary Weeks,Monk
Gary Weeks,Nowhere to Hide
Gary Weeks,Deadland
Gary Weeks,Clones Gone Wild
Gary Weeks,Shark
Gary Weeks,The Office
Gary Weeks,Chuck
Gary Weeks,Murphy
Gary Weeks,Wicked Wicked Games
Gary Weeks,After Midnight: Life Behind Bars
Gary Weeks,CSI: Miami
Gary Weeks,Veronica Mars
Gary Weeks,29 Reasons to Run
Gary Weeks,Passions
Gary Weeks,The O.C.
Gary Weeks,Summerland
Gary Weeks,Morphin(e)
Gary Weeks,24
Gary Weeks,The Drone Virus
Gary Weeks,Tiger Cruise
Gary Weeks,The Perfect Husband: The Laci Peterson Story
Gary Weeks,Black Sash
Gary Weeks,Threat Matrix
Gary Weeks,Hunter
Gary Weeks,Tremors
Gary Weeks,Red Skies
Gary Weeks,Star Trek: Enterprise
Gary Weeks,Waiting on the Lost
Gary Weeks,The Invisible Man
Gary Weeks,The Chronicle
Gary Weeks,Courage
Gary Weeks,The Kid
Gary Weeks,Major League: Back to the Minors
Jonathan Sam,Spider-Man: No Way Home
Jonathan Sam,The City
Jonathan Sam,Home of Angels
Jonathan Sam,One Life to Live
Ben VanderMey,DMZ
Ben VanderMey,Game Changer
Ben VanderMey,High Expectations
Ben VanderMey,The Torture Within
Ben VanderMey,Sistas
Ben VanderMey,The Game
Ben VanderMey,Spider-Man: No Way Home
Ben VanderMey,Loki
Ben VanderMey,The Perfect Wedding Match
Ben VanderMey,Dead Silent
Ben VanderMey,Lovecraft Country
Ben VanderMey,Council of Dads
Ben VanderMey,Christmas Love Letter
Ben VanderMey,Tales
Ben VanderMey,The Walking Dead
Ben VanderMey,American Soul
Ben VanderMey,The Resident
Ben VanderMey,Malicious
Ben VanderMey,Murder Calls
Ben VanderMey,Dynasty
Ben VanderMey,Homicide Hunter
Ben VanderMey,Kevin (Probably) Saves the World
Ben VanderMey,Forsaken Son
Ben VanderMey,Love at the Shore
Ben VanderMey,Skin Deep the Series
Ben VanderMey,Baby Driver
Ben VanderMey,Being Mary Jane
Ben VanderMey,Tae-Bo Evolution
Ben VanderMey,Isle of Palms
Ben VanderMey,I'm Not Ashamed
Ben VanderMey,Jack Reacher: Never Go Back
Ben VanderMey,A Good Soldier
Ben VanderMey,Haima
Ben VanderMey,National Enquirer Investigates
Ben VanderMey,The Haves and the Have Nots
Ben VanderMey,House of Cards
Ben VanderMey,#killerpost
Ben VanderMey,Sophie and the Rising Sun
Ben VanderMey,Fantastic Four
Ben VanderMey,Bullet of Madness
Ben VanderMey,Troy
Ben VanderMey,Finding Carter
Ben VanderMey,God Where Are You?
Ben VanderMey,Your Worst Nightmare
Ben VanderMey,Nothing Owed
Ben VanderMey,The Breaking Point
Ben VanderMey,The Other Side
Ben VanderMey,Anti-PainKillers
Ben VanderMey,The Hunter's Moon
Ben VanderMey,Breaking Point
Ben VanderMey,The Journal
Ben VanderMey,Double Hit
Rudy Eisenzopf,Rent-a-Ryde
Rudy Eisenzopf,Hubcap
Rudy Eisenzopf,FLUTTER
Rudy Eisenzopf,Spider-Man: No Way Home
Rudy Eisenzopf,Lansky
Rudy Eisenzopf,Love Package
Rudy Eisenzopf,Sacrifice
Rudy Eisenzopf,The Punisher
Rudy Eisenzopf,Same Kind of Different as Me
Rudy Eisenzopf,Queen Sugar
Rudy Eisenzopf,The Big Short
Rudy Eisenzopf,NCIS: New Orleans
Rudy Eisenzopf,A Sort of Homecoming
Rudy Eisenzopf,The Cutoff
Rudy Eisenzopf,Bridge of Sighs
Haroon Khan,Spider-Man: No Way Home
Haroon Khan,Teenage Bounty Hunters
Haroon Khan,Brockmire
Haroon Khan,Insatiable
Haroon Khan,Shyla
Haroon Khan,"Love, Simon"
Thomas Haden Church,Deception Road
Thomas Haden Church,Chocolate Lizards
Thomas Haden Church,The Happy Worker
Thomas Haden Church,Spider-Man: No Way Home
Thomas Haden Church,The 24th
Thomas Haden Church,Divorce
Thomas Haden Church,Hellboy
Thomas Haden Church,The Peanut Butter Falcon
Thomas Haden Church,Crash Pad
Thomas Haden Church,Ned and Stacey
Thomas Haden Church,Cardboard Boxer
Thomas Haden Church,Daddy's Home
Thomas Haden Church,Max
Thomas Haden Church,Heaven Is for Real
Thomas Haden Church,Lucky Them
Thomas Haden Church,Whitewash
Thomas Haden Church,Regular Show
Thomas Haden Church,John Carter
Thomas Haden Church,We Bought a Zoo
Thomas Haden Church,Killer Joe
Thomas Haden Church,Another Happy Day
Thomas Haden Church,Zombie Roadkill
Thomas Haden Church,Easy A
Thomas Haden Church,All About Steve
Thomas Haden Church,Aliens in the Attic
Thomas Haden Church,Imagine That
Thomas Haden Church,Don McKay
Thomas Haden Church,Smart People
Thomas Haden Church,Spider-Man 3
Thomas Haden Church,Spider-Man 3
Thomas Haden Church,Charlotte's Web
Thomas Haden Church,Idiocracy
Thomas Haden Church,Broken Trail
Thomas Haden Church,Over the Hedge
Thomas Haden Church,Spanglish
Thomas Haden Church,Sideways
Thomas Haden Church,Serial Killing 4 Dummys
Thomas Haden Church,Teen Titans
Thomas Haden Church,Miss Match
Thomas Haden Church,George of the Jungle 2
Thomas Haden Church,Lucky
Thomas Haden Church,Rolling Kansas
Thomas Haden Church,The Badge
Thomas Haden Church,Lone Star State of Mind
Thomas Haden Church,Going to California
Thomas Haden Church,What a Cartoon!
Thomas Haden Church,Gary & Mike
Thomas Haden Church,Monkeybone
Thomas Haden Church,3000 Miles to Graceland
Thomas Haden Church,The Specials
Thomas Haden Church,Goosed
Thomas Haden Church,Free Money
Thomas Haden Church,Susan's Plan
Thomas Haden Church,Mr. Murder
Thomas Haden Church,One Night Stand
Thomas Haden Church,George of the Jungle
Thomas Haden Church,Partners
Thomas Haden Church,Wings
Thomas Haden Church,Tales from the Crypt: Demon Knight
Thomas Haden Church,Tombstone
Thomas Haden Church,Fugitive Nights: Danger in the Desert
Thomas Haden Church,Flying Blind
Thomas Haden Church,Ys Book I and II
Thomas Haden Church,Gypsy Angels
Thomas Haden Church,Booker
Thomas Haden Church,China Beach
Thomas Haden Church,Cheers
Thomas Haden Church,21 Jump Street
Thomas Haden Church,Protect and Surf
J.B. Smoove,Back on the Strip
J.B. Smoove,Fables
J.B. Smoove,Pivoting
J.B. Smoove,Curb Your Enthusiasm
J.B. Smoove,Spider-Man: No Way Home
J.B. Smoove,Fairfax
J.B. Smoove,Crank Yankers
J.B. Smoove,American Dad!
J.B. Smoove,Mr. Mayor
J.B. Smoove,On the Count of Three
J.B. Smoove,Woke
J.B. Smoove,Mapleworth Murders
J.B. Smoove,Harley Quinn
J.B. Smoove,The Last O.G.
J.B. Smoove,The Jesus Rolls
J.B. Smoove,3Below: Tales of Arcadia
J.B. Smoove,Spider-Man: Far from Home
J.B. Smoove,Uncle Drew
J.B. Smoove,New Girl
J.B. Smoove,Sia: Santa's Coming for Us
J.B. Smoove,Teenage Mutant Ninja Turtles
J.B. Smoove,Peter Parker Takes His Driving Test
J.B. Smoove,Life in Pieces
J.B. Smoove,The Polka King
J.B. Smoove,The 5th Quarter
J.B. Smoove,The Kicker
J.B. Smoove,Conan
J.B. Smoove,Almost Christmas
J.B. Smoove,Transparent
J.B. Smoove,Epic Rap Battles of History
J.B. Smoove,Fresh Off the Boat
J.B. Smoove,Barbershop: The Next Cut
J.B. Smoove,Teenage Mutant Ninja Turtles: Portal Power
J.B. Smoove,Half-Shell Heroes: Blast to the Past
J.B. Smoove,Uncle Drew: Chapter 4
J.B. Smoove,Hell and Back
J.B. Smoove,The Soul Man
J.B. Smoove,The Millers
J.B. Smoove,Black Dynamite
J.B. Smoove,Search Party
J.B. Smoove,Top Five
J.B. Smoove,Coogan Auto
J.B. Smoove,Grand Theft Auto V
J.B. Smoove,Clear History
J.B. Smoove,The Smurfs 2
J.B. Smoove,Dealin' with Idiots
J.B. Smoove,Chicago Fire
J.B. Smoove,Kroll Show
J.B. Smoove,A Haunted House
J.B. Smoove,Movie 43
J.B. Smoove,The League
J.B. Smoove,Robot Chicken
J.B. Smoove,Louie
J.B. Smoove,The Front Desk
J.B. Smoove,Leon's Guide to NYC
J.B. Smoove,The Dictator
J.B. Smoove,Bent
J.B. Smoove,Crispus Attucks: Today Was a Good Day
J.B. Smoove,Think Like a Man
J.B. Smoove,The Sitter
J.B. Smoove,We Bought a Zoo
J.B. Smoove,In the Flow with Affion Crockett
J.B. Smoove,Hall Pass
J.B. Smoove,The Simpsons
J.B. Smoove,Glenn Martin DDS
J.B. Smoove,'Til Death
J.B. Smoove,Date Night
J.B. Smoove,Hurricane Season
J.B. Smoove,Castle
J.B. Smoove,Frankenhood
J.B. Smoove,Untitled Kanye West HBO Project
J.B. Smoove,Everybody Hates Chris
J.B. Smoove,Carpoolers
J.B. Smoove,Saturday Night Live
J.B. Smoove,Late Night with Conan O'Brien
J.B. Smoove,Gas
J.B. Smoove,Cedric the Entertainer Presents
J.B. Smoove,The Watermelon Heist
J.B. Smoove,With or Without You
J.B. Smoove,Ed
J.B. Smoove,Mr. Deeds
J.B. Smoove,Pootie Tang
J.B. Smoove,ShortCuts
J.B. Smoove,Ugly Revenge
J.B. Smoove,Law & Order
J.B. Smoove,Tomorrow Night
J.B. Smoove,Lesser Prophets
Rhys Ifans,House of the Dragon
Rhys Ifans,The King's Man
Rhys Ifans,Spider-Man: No Way Home
Rhys Ifans,Temple
Rhys Ifans,The Phantom of the Open
Rhys Ifans,La Cha Cha
Rhys Ifans,Misbehaviour
Rhys Ifans,Anna and Kiko
Rhys Ifans,Berlin Station
Rhys Ifans,Official Secrets
Rhys Ifans,The Parting Glass
Rhys Ifans,Last Call
Rhys Ifans,Snowden
Rhys Ifans,Alice Through the Looking Glass
Rhys Ifans,Len and Company
Rhys Ifans,Under Milk Wood
Rhys Ifans,The Marriage of Reason & Squalor
Rhys Ifans,Serena
Rhys Ifans,Madame Bovary
Rhys Ifans,She's Funny That Way
Rhys Ifans,Elementary
Rhys Ifans,Another Me
Rhys Ifans,Playhouse Presents
Rhys Ifans,The Corrections
Rhys Ifans,The Amazing Spider-Man
Rhys Ifans,The Five-Year Engagement
Rhys Ifans,Neverland
Rhys Ifans,Anonymous
Rhys Ifans,The Organ Grinder's Monkey
Rhys Ifans,Harry Potter and the Deathly Hallows: Part 1
Rhys Ifans,Passion Play
Rhys Ifans,Nanny McPhee Returns
Rhys Ifans,Mr. Nice
Rhys Ifans,Greenberg
Rhys Ifans,Mr. Nobody
Rhys Ifans,The Boat That Rocked
Rhys Ifans,The Informers
Rhys Ifans,A Number
Rhys Ifans,The Last Word Monologues
Rhys Ifans,Come Here Today
Rhys Ifans,Elizabeth: The Golden Age
Rhys Ifans,Annually Retentive
Rhys Ifans,Hannibal Rising
Rhys Ifans,Four Last Songs
Rhys Ifans,Garfield: A Tail of Two Kitties
Rhys Ifans,The Undertaker
Rhys Ifans,Oasis: The Importance of Being Idle
Rhys Ifans,Midsummer Dream
Rhys Ifans,Chromophobia
Rhys Ifans,Not Only But Always
Rhys Ifans,Enduring Love
Rhys Ifans,Vanity Fair
Rhys Ifans,Danny Deckchair
Rhys Ifans,Once Upon a Time in the Midlands
Rhys Ifans,The Shipping News
Rhys Ifans,Formula 51
Rhys Ifans,Christmas Carol: The Movie
Rhys Ifans,Hotel
Rhys Ifans,Human Nature
Rhys Ifans,Little Nicky
Rhys Ifans,The Replacements
Rhys Ifans,Kevin & Perry Go Large
Rhys Ifans,"Love, Honor and Obey"
Rhys Ifans,Rancid Aluminum
Rhys Ifans,Hooves of Fire
Rhys Ifans,You're Dead...
Rhys Ifans,Janice Beard
Rhys Ifans,Heart
Rhys Ifans,Notting Hill
Rhys Ifans,The Deadness of Dad
Rhys Ifans,Dancing at Lughnasa
Rhys Ifans,Trial & Retribution
Rhys Ifans,The Sin Eater
Rhys Ifans,Twin Town
Rhys Ifans,Shakespeare Shorts
Rhys Ifans,Super Furry Animals: Hometown Unicorn
Rhys Ifans,August
Rhys Ifans,Screen Two
Rhys Ifans,Nightshift
Rhys Ifans,Rhag Pob Brad
Rhys Ifans,Spatz
Rhys Ifans,Slac yn Dynn
Arian Moayed,Retribution
Arian Moayed,Inventing Anna
Arian Moayed,Spider-Man: No Way Home
Arian Moayed,Succession
Arian Moayed,Love Life
Arian Moayed,Songs for a Sloth
Arian Moayed,Madam Secretary
Arian Moayed,Who Knows?
Arian Moayed,Abe
Arian Moayed,Mr. Mercedes
Arian Moayed,Rock the Kasbah
Arian Moayed,The Rumperbutts
Arian Moayed,Elementary
Arian Moayed,The Blacklist
Arian Moayed,Saint Janet
Arian Moayed,Rosewater
Arian Moayed,Black Box
Arian Moayed,Believe
Arian Moayed,Appropriate Behavior
Arian Moayed,The Following
Arian Moayed,Roadie
Arian Moayed,Law & Order: Criminal Intent
Arian Moayed,White Collar
Arian Moayed,Dorkumentary
Arian Moayed,The Christians
Arian Moayed,M.O.N.Y.
Arian Moayed,Arranged
Arian Moayed,Law & Order: Special Victims Unit
Arian Moayed,Church Story
Arian Moayed,Six Degrees
Arian Moayed,Law & Order
Arian Moayed,Late Night with Conan O'Brien
Arian Moayed,Psalms
Arian Moayed,Phileine Says Sorry
Charlie Cox,Treason
Hannibal Buress,Spider-Man: No Way Home
Charlie Cox,Spider-Man: No Way Home
Charlie Cox,Kin
Charlie Cox,The Knot
Charlie Cox,Relics and Rarities
Charlie Cox,Daredevil
Charlie Cox,King of Thieves
Charlie Cox,The Defenders
Charlie Cox,Eat Locals
Charlie Cox,Wall Street
Charlie Cox,The Theory of Everything
Charlie Cox,Matthew and the Atlas: Pale Sun Rose
Charlie Cox,The Ordained
Charlie Cox,Legacy
Charlie Cox,Hello Carter
Charlie Cox,A Sunny Morning
Charlie Cox,Boardwalk Empire
Charlie Cox,"Nancy, Sid & Sergio"
Charlie Cox,Moby Dick
Hannibal Buress,The Daily Bugle
Hannibal Buress,The Simpsons
Hannibal Buress,YBN Cordae Feat. Anderson.Paak: RNP
Hannibal Buress,The Secret Life of Pets 2
Hannibal Buress,Broad City
Hannibal Buress,Slice
Hannibal Buress,Tag
Hannibal Buress,Blockers
Hannibal Buress,Hannibal Buress: Handsome Rambler
Hannibal Buress,Home for the Weekend
Hannibal Buress,Justice League Action
Hannibal Buress,The Disaster Artist
Hannibal Buress,BoJack Horseman
Hannibal Buress,Jay-Z: Moonlight
Hannibal Buress,Spider-Man: Homecoming
Hannibal Buress,Baywatch
Hannibal Buress,King Bachelor's Pad
Hannibal Buress,Crashing
Hannibal Buress,Kuso
Hannibal Buress,The Comedian
Hannibal Buress,High Maintenance
Hannibal Buress,Easy
Hannibal Buress,NBA 2K17
Hannibal Buress,The Secret Life of Pets
Hannibal Buress,Flock of Dudes
Hannibal Buress,Adventure Time
Charlie Cox,There Be Dragons
Charlie Cox,Downton Abbey
Charlie Cox,Crossing the Wall: The Making of 'Stardust'
Charlie Cox,Big Guy
Charlie Cox,Perfect
Charlie Cox,Glorious 39
Charlie Cox,T Takes: Brooklyn '09 Episode 1
Charlie Cox,T Takes: Brooklyn '09 Episode 3
Charlie Cox,T Takes: Brooklyn '09 Episode 4
Charlie Cox,T Takes: Brooklyn '09 Episode 5
Charlie Cox,T Takes: Brooklyn '09 Episode 6
Charlie Cox,Stone of Destiny
Charlie Cox,"Harry, Henry and the Prostitute"
Charlie Cox,Stardust
Charlie Cox,The Maidens' Conspiracy
Charlie Cox,A for Andromeda
Charlie Cox,Inspector Lewis
Charlie Cox,Casanova
Charlie Cox,Things to Do Before You're 30
Charlie Cox,The Merchant of Venice
Charlie Cox,Dot the I
Charlie Cox,Judge John Deed
Hannibal Buress,The Nice Guys
Hannibal Buress,The Angry Birds Movie
Hannibal Buress,Neighbors 2: Sorority Rising
Hannibal Buress,Nerdland
Hannibal Buress,BJ the Chicago Kid: The New Cupid
Hannibal Buress,Childrens Hospital
Hannibal Buress,Daddy's Home
Hannibal Buress,The Jim Gaffigan Show
Hannibal Buress,Band of Robbers
Hannibal Buress,Lucas Bros Moving Co
Hannibal Buress,"China, IL"
Hannibal Buress,Are You Joking?
Hannibal Buress,The Begun of Tigtone
Hannibal Buress,Chozen
Hannibal Buress,Neighbors
Hannibal Buress,Bonnaroo 2014 Line Up Announcement
Hannibal Buress,Bob's Burgers
Hannibal Buress,High Maintenance
Hannibal Buress,Kroll Show
Hannibal Buress,The Kings of Summer
Hannibal Buress,The Mindy Project
Hannibal Buress,Promos
Hannibal Buress,30 Rock
Hannibal Buress,Headliner
Hannibal Buress,Sleepwalk with Me
Hannibal Buress,Heart Break
Hannibal Buress,Broad City
Hannibal Buress,Delocated
Hannibal Buress,Louie
Hannibal Buress,Saturday Night Live
Hannibal Buress,The Very Funny Show
Martin Starr,Milford
Martin Starr,Samaritan
Martin Starr,Party Down
Martin Starr,Spider-Man: No Way Home
Martin Starr,The War of the Worlds 2021
Martin Starr,Tacoma FD
Martin Starr,Silicon Valley
Martin Starr,Schooled
Martin Starr,Carrier
Martin Starr,Anxiety's Wilma
Martin Starr,Drunk History
Martin Starr,Spider-Man: Far from Home
Martin Starr,Life in Pieces
Martin Starr,Aly & AJ: Star Maps
Martin Starr,Game of Thrones
Martin Starr,The Toll Road
Martin Starr,Hot Chip: Hungry Child
Martin Starr,Frances Ferguson
Martin Starr,Honey Boy
Martin Starr,Silver Lake
Martin Starr,The Escape of Prisoner 614
Martin Starr,Robot Chicken
Martin Starr,Future Man
Martin Starr,Spider-Man: Homecoming
Martin Starr,Grow House
Martin Starr,YOYO
Martin Starr,Infinity Baby
Martin Starr,Lemon
Martin Starr,Bitch
Martin Starr,Hawaii Five-0
Martin Starr,Operator
Martin Starr,Reunited
Martin Starr,Kirby Buckets
Martin Starr,Married
Martin Starr,Intruders
Martin Starr,I'll See You in My Dreams
Martin Starr,Newsreaders
Martin Starr,Playing It Cool
Martin Starr,Amira & Sam
Martin Starr,Leonard in Slow Motion
Martin Starr,Veronica Mars
Martin Starr,Dead Snow 2: Red vs. Dead
Martin Starr,The Goldbergs
Martin Starr,Burning Love
Martin Starr,Girls Season 38
Martin Starr,Seasick Sailor
Martin Starr,NTSF:SD:SUV
Martin Starr,The Sidekick
Martin Starr,Franklin & Bash
Martin Starr,The Aquabats! Super Show!
Martin Starr,This Is the End
Martin Starr,The Apocalypse
Martin Starr,Deep Dark Canyon
Martin Starr,The Lifeguard
Martin Starr,Breaking In
Martin Starr,Christine
Martin Starr,Angel of Death
Martin Starr,Futurestates
Martin Starr,New Girl
Martin Starr,Parks and Recreation
Martin Starr,Save the Date
Martin Starr,Dating Rules from My Future Self
Martin Starr,6 Month Rule
Martin Starr,Community
Martin Starr,Madeon: Pop Culture
Martin Starr,Childrens Hospital
Martin Starr,Marcy
Martin Starr,A Good Old Fashioned Orgy
Martin Starr,Bestie's Night
Martin Starr,Mad Love
Martin Starr,Beastie Boys: Fight for Your Right Revisited
Martin Starr,Church & State
Martin Starr,Lovepocalypse
Martin Starr,Mummy!
Martin Starr,The League
Martin Starr,Party Down
Martin Starr,Yo Gabba Gabba!
Martin Starr,Big Breaks
Martin Starr,1-900-Drinking-Buddy
Martin Starr,The Last Lovecraft: Relic of Cthulhu
Tobey Maguire,Babylon
Martin Starr,The Invention of Lying
Martin Starr,Oh Joy
Martin Starr,Adventureland
Martin Starr,The Incredible Hulk
Martin Starr,Good Dick
Martin Starr,Walk Hard: The Dewey Cox Story
Martin Starr,Wainy Days
Martin Starr,Superbad
Martin Starr,Clark and Michael
Martin Starr,Knocked Up
Martin Starr,A Midsummer Night's Rewrite
Martin Starr,American Storage
Martin Starr,The Toast
Martin Starr,Last Laugh '05
Martin Starr,How I Met Your Mother
Martin Starr,Revelations
Martin Starr,Kicking & Screaming
Martin Starr,Fish Burglars
Martin Starr,King of the Hill
Martin Starr,Band Camp
Martin Starr,Who's Your Daddy?
Martin Starr,Providence
Martin Starr,Cheats
Martin Starr,Stealing Harvard
Martin Starr,Undeclared
Martin Starr,Roswell
Martin Starr,Robbie's Brother
Martin Starr,Mysterious Ways
Martin Starr,Ed
Martin Starr,Eyeball Eddie
Martin Starr,"Normal, Ohio"
Martin Starr,Freaks and Geeks
Tobey Maguire,Extrapolations
Tobey Maguire,Spider-Man: No Way Home
Tobey Maguire,The Boss Baby
Tobey Maguire,Pawn Sacrifice
Tobey Maguire,The Spoils of Babylon
Tobey Maguire,Labor Day
Tobey Maguire,The Great Gatsby
Tobey Maguire,The Details
Tobey Maguire,Brothers
Tobey Maguire,Beyond All Boundaries
Tobey Maguire,Tropic Thunder
Tobey Maguire,Spider-Man 3
Tobey Maguire,Spider-Man 3
Tobey Maguire,"Vanity Fair: Killers Kill, Dead Men Die"
Tobey Maguire,The Good German
Tobey Maguire,Spider-Man 2 (PSP)
Tobey Maguire,Spider-Man 2
Tobey Maguire,Spider-Man 2: The Game
Tobey Maguire,Spider-Man 2
Tobey Maguire,Seabiscuit
Tobey Maguire,Spider-Man
Tobey Maguire,Spider-Man
Tobey Maguire,Cats & Dogs
Tobey Maguire,Don's Plum
Martin Starr,Good vs Evil
Martin Starr,Xtro 3: Watch the Skies
Martin Starr,Hero
Tobey Maguire,Wonder Boys
Tobey Maguire,Ride with the Devil
Tobey Maguire,The Cider House Rules
Tobey Maguire,Pleasantville
Tobey Maguire,Fear and Loathing in Las Vegas
Tobey Maguire,Joyride
Tobey Maguire,Deconstructing Harry
Tobey Maguire,The Ice Storm
Tobey Maguire,Four Tales of Two Cities
Tobey Maguire,Seduced by Madness: The Diane Borchardt Story
Tobey Maguire,Tracey Takes On...
Tobey Maguire,Duke of Groove
Tobey Maguire,Empire Records
Tobey Maguire,A Child's Cry for Help
Tobey Maguire,S.F.W.
Tobey Maguire,In Spite of Love
Tobey Maguire,"Walker, Texas Ranger"
Tobey Maguire,Healer
Tobey Maguire,Revenge of the Red Baron
Tobey Maguire,This Boy's Life
Tobey Maguire,Great Scott!
Tobey Maguire,"Eerie, Indiana"
Tobey Maguire,Jake and the Fatman
Tobey Maguire,Roseanne
Tobey Maguire,Blossom
Tobey Maguire,Tales from the Whoop: Hot Rod Brown Class Clown
Tobey Maguire,1st & Ten
Tobey Maguire,The Wizard
J.K. Simmons,My Only Sunshine
J.K. Simmons,Batgirl
J.K. Simmons,Little Brother
J.K. Simmons,Lightyears
J.K. Simmons,The Woods
J.K. Simmons,Invincible
J.K. Simmons,The Daily Bugle
J.K. Simmons,Spider-Man: No Way Home
J.K. Simmons,National Champions
J.K. Simmons,Being the Ricardos
J.K. Simmons,The Great North
J.K. Simmons,Ghostbusters: Afterlife
J.K. Simmons,Seal Team
J.K. Simmons,Goliath
J.K. Simmons,Venom: Let There Be Carnage
J.K. Simmons,The Tomorrow War
J.K. Simmons,Ride the Eagle
J.K. Simmons,Infinity Train
J.K. Simmons,Zack Snyder's Justice League
J.K. Simmons,The Stand
J.K. Simmons,Home Movie: The Princess Bride
J.K. Simmons,Defending Jacob
J.K. Simmons,Brooklyn Nine-Nine
J.K. Simmons,BoJack Horseman
J.K. Simmons,Palm Springs
J.K. Simmons,No Activity
J.K. Simmons,Klaus
J.K. Simmons,21 Bridges
J.K. Simmons,3 Days with Dad
J.K. Simmons,Veronica Mars
J.K. Simmons,Spider-Man: Far from Home
J.K. Simmons,Brockmire
J.K. Simmons,American Dad!
J.K. Simmons,The Simpsons
J.K. Simmons,Fanboy
J.K. Simmons,Counterpart
J.K. Simmons,The Front Runner
J.K. Simmons,Robot Chicken
J.K. Simmons,The Boxcar Children - Surprise Island
J.K. Simmons,A Boy Called Sailboat
J.K. Simmons,Farmers Insurance: Vengeful Vermin
J.K. Simmons,Father Figures
J.K. Simmons,Justice League
J.K. Simmons,The Snowman
J.K. Simmons,I'm Not Here
J.K. Simmons,American Renegades
J.K. Simmons,The Bachelors
J.K. Simmons,The Black Ghiandola
J.K. Simmons,All Nighter
J.K. Simmons,SpongeBob SquarePants
J.K. Simmons,Patriots Day
J.K. Simmons,The Accountant
J.K. Simmons,The Late Bloomer
J.K. Simmons,La La Land
J.K. Simmons,Rock Dog
J.K. Simmons,Archer
J.K. Simmons,Punching Henry
J.K. Simmons,Gravity Falls
J.K. Simmons,Zootopia
J.K. Simmons,Kung Fu Panda 3
J.K. Simmons,Between Two Urns: J.K. Simmons
J.K. Simmons,Worlds Apart
J.K. Simmons,Lego Dimensions
J.K. Simmons,Ultimate Spider-Man
J.K. Simmons,The Meddler
J.K. Simmons,Saturday Night Live: Cut for Time
J.K. Simmons,Major Lazer
J.K. Simmons,Terminator Genisys
J.K. Simmons,April and the Extraordinary World
J.K. Simmons,Hulk and the Agents of S.M.A.S.H.
J.K. Simmons,What Lives Inside
J.K. Simmons,Farmers Insurance: Monster Foot
J.K. Simmons,Avengers Assemble
J.K. Simmons,The Jay Z Story
J.K. Simmons,Phineas and Ferb
J.K. Simmons,The Legend of Korra
J.K. Simmons,Ava & Lala
J.K. Simmons,The Legend of Korra
J.K. Simmons,"Men, Women & Children"
J.K. Simmons,The Rewrite
J.K. Simmons,Growing Up Fisher
J.K. Simmons,Murder of a Cat
Tony Revolori,Exchanged
J.K. Simmons,The Boxcar Children
J.K. Simmons,Men at Work
J.K. Simmons,Chozen
J.K. Simmons,Break Point
J.K. Simmons,Barefoot
J.K. Simmons,Whiplash
J.K. Simmons,Lego Marvel Super Heroes: Maximum Overload
J.K. Simmons,The Legend of Korra: The Re-telling of Korra's Journey
J.K. Simmons,Labor Day
J.K. Simmons,Family Tools
J.K. Simmons,Pound Puppies
J.K. Simmons,3 Geezers!
J.K. Simmons,The Magic Bracelet
J.K. Simmons,The Heeler
J.K. Simmons,Parks and Recreation
J.K. Simmons,Dark Skies
J.K. Simmons,Jobs
J.K. Simmons,Whiplash
J.K. Simmons,Generator Rex
J.K. Simmons,Cops Uncuffed
J.K. Simmons,The Venture Bros.
J.K. Simmons,The Closer
J.K. Simmons,Adventure Planet
J.K. Simmons,The Avengers: Earth's Mightiest Heroes
Tony Revolori,Asteroid City
Tony Revolori,The Drive
Tony Revolori,Willow
Tony Revolori,Servant
Tony Revolori,Spider-Man: No Way Home
Tony Revolori,Poorly Drawn Lines
Tony Revolori,The Daily Bugle
Tony Revolori,The French Dispatch
Tony Revolori,Fungeons & Flagons
Tony Revolori,Royalties
Tony Revolori,Run
Tony Revolori,Peter's To-Do List
Tony Revolori,Benny Blanco & Juice WRLD: Graduation
Tony Revolori,Spider-Man: Far from Home
Tony Revolori,The Sound of Silence
Tony Revolori,Otherland
Tony Revolori,OK K.O.! Let's Be Heroes
Tony Revolori,The Long Dumb Road
Tony Revolori,Middle School Talent Show
Tony Revolori,50 Ways
Tony Revolori,Please Stand By
Tony Revolori,Spider-Man: Homecoming
J.K. Simmons,Best Friends Forever
J.K. Simmons,The Words
J.K. Simmons,Contraband
J.K. Simmons,Young Adult
J.K. Simmons,Generator Rex: Agent of Providence
J.K. Simmons,NTSF:SD:SUV
J.K. Simmons,Blackstone
J.K. Simmons,The Good Doctor
J.K. Simmons,Portal 2
J.K. Simmons,Raising Hope
J.K. Simmons,The Music Never Stopped
J.K. Simmons,True Grit
J.K. Simmons,Megamind
J.K. Simmons,An Invisible Sign
J.K. Simmons,A Beginner's Guide to Endings
J.K. Simmons,Cats & Dogs: The Revenge of Kitty Galore
J.K. Simmons,Law & Order
J.K. Simmons,Ben 10: Ultimate Alien
J.K. Simmons,Party Down
J.K. Simmons,The Life & Times of Tim
J.K. Simmons,Crazy on the Outside
J.K. Simmons,Batman: The Brave and the Bold
Tony Revolori,Workaholics
Tony Revolori,Table 19
Tony Revolori,Take the 10
Tony Revolori,Rudy
Tony Revolori,Son of Zorn
Tony Revolori,Nuclear Family
Tony Revolori,Lowriders
Tony Revolori,The 5th Wave
Tony Revolori,The Boy Who Couldn't Sleep and Never Had To
Tony Revolori,Dope
Tony Revolori,Umrika
Tony Revolori,Special Delivery
Tony Revolori,The Grand Budapest Hotel
Tony Revolori,Fitz and Slade
Tony Revolori,Shameless
Tony Revolori,Sons of Tucson
Tony Revolori,Spout
Tony Revolori,The Perfect Game
Tony Revolori,My Name Is Earl
Tony Revolori,Ernesto
Tony Revolori,Smother
Tony Revolori,Entourage
Tony Revolori,The Unit
Tony Revolori,Nebraska
J.K. Simmons,The Marvelous Misadventures of Flapjack
J.K. Simmons,Jennifer's Body
J.K. Simmons,Up in the Air
J.K. Simmons,Extract
J.K. Simmons,Post Grad
J.K. Simmons,Aliens in the Attic
J.K. Simmons,Jewno
J.K. Simmons,"I Love You, Man"
J.K. Simmons,Red Sands
J.K. Simmons,The Way of War
J.K. Simmons,New in Town
J.K. Simmons,The Vicious Kind
J.K. Simmons,Command & Conquer: Red Alert 3
J.K. Simmons,Ben 10: Alien Force
J.K. Simmons,Burn After Reading
J.K. Simmons,American Experience
J.K. Simmons,Rendition
J.K. Simmons,Juno
J.K. Simmons,Postal
J.K. Simmons,Kim Possible
J.K. Simmons,Breaking Down the Closer
J.K. Simmons,Bury My Heart at Wounded Knee
J.K. Simmons,Spider-Man 3
J.K. Simmons,Spider-Man 3
J.K. Simmons,The Astronaut Farmer
J.K. Simmons,First Snow
J.K. Simmons,Justice League Unlimited
J.K. Simmons,The West Wing
J.K. Simmons,Thank You for Smoking
J.K. Simmons,Harsh Times
J.K. Simmons,Spider-Man 2 (PSP)
J.K. Simmons,Numb3rs
J.K. Simmons,Jack & Bobby
J.K. Simmons,Arrested Development
J.K. Simmons,3: The Dale Earnhardt Story
J.K. Simmons,Nip/Tuck
J.K. Simmons,The Jury
J.K. Simmons,Spider-Man 2
J.K. Simmons,The Floor
J.K. Simmons,Disposal
J.K. Simmons,Without a Trace
J.K. Simmons,The D.A.
J.K. Simmons,The Ladykillers
J.K. Simmons,Hidalgo
J.K. Simmons,ER
J.K. Simmons,Everwood
J.K. Simmons,John Doe
J.K. Simmons,Oz
J.K. Simmons,Queens Supreme
J.K. Simmons,Off the Map
J.K. Simmons,Homeward Bound
J.K. Simmons,Path to War
J.K. Simmons,Spider-Man
J.K. Simmons,Law & Order: Criminal Intent
J.K. Simmons,Law & Order: Special Victims Unit
J.K. Simmons,The Mexican
J.K. Simmons,The Gift
J.K. Simmons,M&M's: The Lost Formulas
J.K. Simmons,Autumn in New York
J.K. Simmons,Beautiful Joe
J.K. Simmons,Third Watch
J.K. Simmons,Saturday Night Live
J.K. Simmons,I Lost My M in Vegas
J.K. Simmons,For Love of the Game
J.K. Simmons,The Cider House Rules
J.K. Simmons,Hit and Runway
J.K. Simmons,Above Freezing
J.K. Simmons,Remember WENN
J.K. Simmons,Celebrity
J.K. Simmons,New York Undercover
J.K. Simmons,Face Down
J.K. Simmons,Anastasia
J.K. Simmons,The Jackal
J.K. Simmons,Crossing Fields
J.K. Simmons,Spin City
J.K. Simmons,Love Walked In
J.K. Simmons,Extreme Measures
J.K. Simmons,The First Wives Club
J.K. Simmons,Swift Justice
J.K. Simmons,Homicide: Life on the Street
J.K. Simmons,The Adventures of Pete & Pete
J.K. Simmons,New York News
J.K. Simmons,M&M's
J.K. Simmons,The Scout
J.K. Simmons,Pom Poko
J.K. Simmons,The Ref
J.K. Simmons,All My Children
J.K. Simmons,Popeye Doyle
Benedict Wong,The Three-Body Problem
Benedict Wong,True Love
Benedict Wong,The Magician's Elephant
Benedict Wong,Doctor Strange in the Multiverse of Madness
Benedict Wong,Toast of Tinseltown
Benedict Wong,Spider-Man: No Way Home
Benedict Wong,What If...?
Benedict Wong,Shang-Chi and the Legend of the Ten Rings
Benedict Wong,Raya and the Last Dragon
Benedict Wong,Extinct
Benedict Wong,What We Do in the Shadows
Benedict Wong,Nine Days
Benedict Wong,Lady and the Tramp
Benedict Wong,Gemini Man
Benedict Wong,The Personal History of David Copperfield
Benedict Wong,The Dark Crystal: Age of Resistance
Benedict Wong,Avengers: Endgame
Benedict Wong,Deadly Class
Benedict Wong,Monster Challenge
Benedict Wong,Avengers: Infinity War
Benedict Wong,Annihilation
Benedict Wong,Electric Dreams
Benedict Wong,2036: Nexus Dawn
Benedict Wong,Prey
Benedict Wong,Black Mirror
Benedict Wong,Doctor Strange
Benedict Wong,Marco Polo
Benedict Wong,Marco Polo: One Hundred Eyes
Benedict Wong,The Martian
Benedict Wong,Prey
Benedict Wong,The Wrong Mans
Benedict Wong,Top Boy
Benedict Wong,Kick-Ass 2
Benedict Wong,Run
Benedict Wong,Words of Everest
Benedict Wong,Redemption
Benedict Wong,#aiww: The Arrest of Ai Weiwei
Benedict Wong,Prometheus
Benedict Wong,Painkiller
Benedict Wong,Law & Order: UK
Benedict Wong,Johnny English Reborn
Benedict Wong,The Lady
Benedict Wong,Covert Affairs
Benedict Wong,The Flying Machine
Benedict Wong,MI-5
Benedict Wong,Better Life
Benedict Wong,The IT Crowd
Benedict Wong,Shanghai
Benedict Wong,Spirit Warriors
Benedict Wong,My Dad the Communist
Benedict Wong,Moon
Benedict Wong,The Heir Apparent: Largo Winch
Benedict Wong,Slapper
Benedict Wong,Life: XP
Benedict Wong,The Peter Serafinowicz Show
Benedict Wong,Frankenstein
Benedict Wong,Grow Your Own
Benedict Wong,Sunshine
Benedict Wong,Hallo Panda
Benedict Wong,Eleventh Hour
Benedict Wong,Mr John
Benedict Wong,Days of Darkness
Benedict Wong,Tristram Shandy
Benedict Wong,Look Around You
Benedict Wong,On a Clear Day
Benedict Wong,15 Storeys High
Benedict Wong,Code 46
Benedict Wong,State of Play
Benedict Wong,tlc
Benedict Wong,The Bill
Benedict Wong,Dirty Pretty Things
Benedict Wong,Spy Game
Benedict Wong,Double Happiness
Benedict Wong,Kiss Kiss Bang Bang
Benedict Wong,Wit
Benedict Wong,Arabian Nights
Benedict Wong,Supply & Demand
Benedict Wong,Breakout
Benedict Wong,Supply & Demand
Benedict Wong,Cracker
Benedict Wong,Pie in the Sky
Benedict Wong,Out of the Blue
Benedict Wong,Detonator II: Night Watch
Benedict Wong,Cardiac Arrest
Benedict Wong,Hearts and Minds
Benedict Wong,Frank Stubbs
Benedict Wong,The Chief
Benedict Wong,Last of the Summer Wine
Benedict Wong,Medics
Benedict Wong,Screenplay
Jacob Batalon,Reginald the Vampire
Jacob Batalon,Zaya
Jacob Batalon,Spider-Man: No Way Home
Jacob Batalon,The Daily Bugle
Jacob Batalon,50 States of Fright
Jacob Batalon,Day by Day
Jacob Batalon,Let It Snow
Jacob Batalon,The True Don Quixote
Jacob Batalon,Peter's To-Do List
Jacob Batalon,Watch Room
Jacob Batalon,Spider-Man: Far from Home
Jacob Batalon,Science Fair
Jacob Batalon,Avengers: Endgame
Jacob Batalon,Banana Split
Jacob Batalon,Avengers: Infinity War
Jacob Batalon,Blood Fest
Jacob Batalon,Every Day
Jacob Batalon,Spider-Man: Homecoming
Jacob Batalon,North Woods
Jamie Foxx,The Wild Bunch
Jamie Foxx,Signal Hill
Jamie Foxx,The Burial
Jamie Foxx,Groove Tails
Jamie Foxx,All-Star Weekend
Jamie Foxx,God Is a Bullet
Jamie Foxx,Day Shift
Jamie Foxx,Strays
Jamie Foxx,They Cloned Tyrone
Jamie Foxx,Tyson
Jamie Foxx,Spider-Man: No Way Home
Jamie Foxx,Dad Stop Embarrassing Me!
Jamie Foxx,Soul
Jamie Foxx,Project Power
Jamie Foxx,Just Mercy
Jamie Foxx,Live in Front of a Studio Audience
Jamie Foxx,Live in Front of a Studio Audience: Norman Lear's 'All in the Family' and 'The Jeffersons'
Jamie Foxx,Neo Yokio
Jamie Foxx,Robin Hood
Jamie Foxx,Migos Feat. Drake: Walk It Talk It
Jamie Foxx,White Famous
Jamie Foxx,Demi Lovato: Sorry Not Sorry
Jamie Foxx,Baby Driver
Jamie Foxx,Sleepless
Jamie Foxx,Kevin Gates Feat. Trey Songz & Ty Dolla $ign & & Jamie Foxx: Jam
Jamie Foxx,Annie
Jamie Foxx,Horrible Bosses 2
Jamie Foxx,A Million Ways to Die in the West
Jamie Foxx,The Amazing Spider-Man 2
Jamie Foxx,Rio 2
Jamie Foxx,Pharrell Williams: Happy
Alfred Molina,Road to Capri
Jamie Foxx,(I Wanna) Channing All Over Your Tatum
Jamie Foxx,White House Down
Jamie Foxx,Django Unchained
Jamie Foxx,The Brain Storm
Jamie Foxx,Horrible Bosses
Jamie Foxx,Rio
Jamie Foxx,Due Date
Jamie Foxx,LMFAO: Yes
Jamie Foxx,Usher Feat. Nicki Minaj: Lil Freak
Jamie Foxx,Malice N Wonderland
Jamie Foxx,Artists for Haiti: We Are the World 25 for Haiti
Jamie Foxx,Valentine's Day
Jamie Foxx,Jamie Foxx Ft. T-Pain: Blame It
Jamie Foxx,Law Abiding Citizen
Jamie Foxx,The Soloist
Jamie Foxx,"Ne-Yo Feat. Jamie Foxx, Fabolous: She Got Her Own"
Jamie Foxx,The Kingdom
Jamie Foxx,Dreamgirls
Jamie Foxx,T.I. Feat. Jamie Foxx: Live in the Sky
Jamie Foxx,Miami Vice
Jamie Foxx,Jamie Foxx Feat. Kanye West: Extravaganza
Jamie Foxx,Jamie Foxx Feat. Ludacris: Unpredictable
Jamie Foxx,Jarhead
Jamie Foxx,Kanye West Feat. Jamie Foxx: Gold Digger
Jamie Foxx,Stealth
Jamie Foxx,Various Artists: Wake Up Everybody
Alfred Molina,Three Pines
Alfred Molina,Spider-Man: No Way Home
Alfred Molina,Maya and the Three
Alfred Molina,Trollhunters: Rise of the Titans
Alfred Molina,Monsters at Work
Alfred Molina,Summer Camp Island
Alfred Molina,There Used to Be a Me
Alfred Molina,Solar Opposites
Alfred Molina,Santiago of the Seas
Alfred Molina,Family Guy
Alfred Molina,The Water Man
Alfred Molina,American Dad!
Alfred Molina,Infinity Train
Alfred Molina,Wizards
Alfred Molina,Robot Chicken
Alfred Molina,Crossing Swords
Alfred Molina,Harley Quinn
Alfred Molina,Dust
Alfred Molina,Big City Greens
Alfred Molina,Promising Young Woman
Alfred Molina,Great Performances
Alfred Molina,Frozen II
Alfred Molina,Vampirina
Alfred Molina,The Devil Has a Name
Alfred Molina,"Frankenstein's Monster's Monster, Frankenstein"
Alfred Molina,3Below: Tales of Arcadia
Alfred Molina,Don't Let Go
Alfred Molina,The Angel of Vine
Alfred Molina,Vice
Alfred Molina,Henchmen
Alfred Molina,I Feel Bad
Alfred Molina,MGC Presents Red
Jamie Foxx,Ray
Jamie Foxx,Collateral
Jamie Foxx,Breakin' All the Rules
Jamie Foxx,Chappelle's Show
Jamie Foxx,Redemption: The Stan Tookie Williams Story
Jamie Foxx,Twista Feat. Kanye West & Jamie Foxx: Slow Jamz
Jamie Foxx,Shade
Jamie Foxx,Aaliyah: Miss You
Jamie Foxx,"Busta Rhymes Feat. P. Diddy & Pharrell: Pass the Courvoisier, Part II"
Jamie Foxx,Ali
Jamie Foxx,Date from Hell
Jamie Foxx,The Jamie Foxx Show
Jamie Foxx,Bait
Jamie Foxx,Any Given Sunday
Jamie Foxx,Held Up
Jamie Foxx,The Players Club
Jamie Foxx,Ice Cube Feat. DMX & DJ Clark Kent: We Be Clubbin' (Remix)
Jamie Foxx,Booty Call
Jamie Foxx,The Great White Hype
Jamie Foxx,The Truth About Cats & Dogs
Jamie Foxx,Coolio: 1 2 3 4 (Sumpin' New)
Jamie Foxx,Moesha
Jamie Foxx,Hangin' with Mr. Cooper
Jamie Foxx,C-Bear and Jamal
Jamie Foxx,In Living Color
Jamie Foxx,Roc
Jamie Foxx,Toys
Jamie Foxx,Comedy on the Edge
Alfred Molina,Ralph Breaks the Internet
Alfred Molina,Sam Did It
Alfred Molina,Saint Judy
Alfred Molina,The Front Runner
Alfred Molina,The Overcoat
Alfred Molina,Dragons: Race to the Edge
Alfred Molina,Welcome to the Wayne
Alfred Molina,Hey Arnold: The Jungle Movie
Alfred Molina,Penn Zero: Part-Time Hero
Alfred Molina,The Elder Scrolls Online: Morrowind
Alfred Molina,I'm Dying Up Here
Alfred Molina,Wilson's Heart
Alfred Molina,Angie Tribeca
Alfred Molina,Feud: Bette and Joan
Alfred Molina,Long Day's Journey Into Night: Live
Alfred Molina,Quality Problems
Alfred Molina,Justice League Dark
Alfred Molina,Breakable You
Alfred Molina,Close to the Enemy
Alfred Molina,Thunderball: The Radio Play
Alfred Molina,Sister Cities
Alfred Molina,A Defintely Maybe
Alfred Molina,Message from the King
Alfred Molina,Paint It Black
Jon Favreau,The Book of Boba Fett
Alfred Molina,Whiskey Tango Foxtrot
Alfred Molina,Gravity Falls
Alfred Molina,Donald Trump's The Art of the Deal: The Movie
Alfred Molina,Little Men
Alfred Molina,Long Live the Royals
Alfred Molina,Secret in Their Eyes
Alfred Molina,Oscar's Hotel for Fantastical Creatures
Alfred Molina,Robot Chicken DC Comics Special 3: Magical Friendship
Alfred Molina,Show Me a Hero
Alfred Molina,Axe Cop
Alfred Molina,Strange Magic
Alfred Molina,The Stowaway
Alfred Molina,Matador
Alfred Molina,WordGirl
Jon Favreau,Spider-Man: No Way Home
Jon Favreau,What If...?
Jon Favreau,The Mandalorian
Jon Favreau,Spider-Man: Far from Home
Jon Favreau,Avengers: Endgame
Jon Favreau,Solo: A Star Wars Story
Jon Favreau,Spider-Man: Homecoming
Jon Favreau,"Spider-Man: Homecoming, NBA Finals: Watch the Game"
Jon Favreau,Term Life
Jon Favreau,The Jungle Book
Jon Favreau,Entourage
Jon Favreau,Chef
Jon Favreau,The Wolf of Wall Street
Jon Favreau,Iron Man 3
Jon Favreau,Identity Thief
Jon Favreau,Star Wars: The Clone Wars
Jon Favreau,People Like Us
Alfred Molina,The Normal Heart
Alfred Molina,Kahlil Gibran's The Prophet
Alfred Molina,On Her Majesty's Secret Service: The Radio Play
Alfred Molina,Swelter
Alfred Molina,Cosmos: A Spacetime Odyssey
Alfred Molina,Robot Chicken DC Comics Special II: Villains in Paradise
Alfred Molina,The Elder Scrolls Online
Alfred Molina,Rick and Morty
Alfred Molina,We'll Never Have Paris
Alfred Molina,Return to Zero
Alfred Molina,Love Is Strange
Alfred Molina,Assistance
Alfred Molina,Justin and the Knights of Valour
Alfred Molina,Drunk History
Alfred Molina,Poe
Alfred Molina,Monsters University
Alfred Molina,Monday Mornings
Alfred Molina,The Truth About Emanuel
Alfred Molina,Loving Miss Hatto
Alfred Molina,Children's Theater Critic with Alfred Molina
Alfred Molina,Kung Fu Panda: Legends of Awesomeness
Alfred Molina,"Bless Me, Ultima"
Alfred Molina,Robot Chicken: DC Comics Special
Alfred Molina,The Forger
Alfred Molina,Serena
Alfred Molina,Roger & Val Have Just Got In
Alfred Molina,The Life & Times of Tim
Alfred Molina,Gauguin: Maker of Myth
Alfred Molina,Innocent
Alfred Molina,The Late Late Show with Craig Ferguson
Alfred Molina,Harry's Law
Jon Favreau,John Carter
Jon Favreau,Zookeeper
Jon Favreau,Iron Man 2
Jon Favreau,Four Christmases: Gag Reel
Jon Favreau,Couples Retreat
Jon Favreau,G-Force
Jon Favreau,G-Force
Jon Favreau,"I Love You, Man"
Jon Favreau,Robot Chicken
Jon Favreau,Four Christmases
Jon Favreau,Iron Man
Jon Favreau,Open Season
Jon Favreau,The Break-Up
Jon Favreau,Monk
Jon Favreau,My Name Is Earl
Jon Favreau,Wimbledon
Jon Favreau,The King of Queens
Jon Favreau,Rugrats
Jon Favreau,Something's Gotta Give
Jon Favreau,Elf
Jon Favreau,The Big Empty
Jon Favreau,Daredevil
Jon Favreau,Family Guy
Jon Favreau,Ain't It Cool News
Jon Favreau,Made
Jon Favreau,Buzz Lightyear of Star Command
Jon Favreau,The Replacements
Jon Favreau,The Sopranos
Jon Favreau,Dilbert
Jon Favreau,Love & Sex
Jon Favreau,Rocket Power
Alfred Molina,Abduction
Alfred Molina,Law & Order: LA
Alfred Molina,Rango
Alfred Molina,The Tempest
Alfred Molina,The Sorcerer's Apprentice
Alfred Molina,Red
Alfred Molina,Prince of Persia: The Sands of Time
Alfred Molina,Big Guy
Alfred Molina,"Yes, Virginia"
Alfred Molina,Lessons in Self-Defense
Alfred Molina,Wonder Woman
Alfred Molina,The Pink Panther 2
Alfred Molina,An Education
Alfred Molina,The Lodger
Alfred Molina,Courtroom K
Alfred Molina,Nothing Like the Holidays
Alfred Molina,The Ten Commandments
Alfred Molina,The Little Traitor
Alfred Molina,Silk
Alfred Molina,"Chill Out, Scooby-Doo!"
Alfred Molina,The Company
Alfred Molina,Monk
Alfred Molina,The Moon and the Stars
Alfred Molina,Orchids
Alfred Molina,The Hoax
Alfred Molina,As You Like It
Jon Favreau,Rocky Marciano
Jon Favreau,Hercules
Jon Favreau,Very Bad Things
Jon Favreau,Deep Impact
Jon Favreau,Dogtown
Jon Favreau,Friends
Jon Favreau,Tracey Takes On...
Jon Favreau,Desert Breeze
Jon Favreau,Persons Unknown
Jon Favreau,Just Your Luck
Jon Favreau,Swingers
Jon Favreau,Fallen Angels
Jon Favreau,Notes from Underground
Jon Favreau,The Larry Sanders Show
Jon Favreau,Batman Forever
Jon Favreau,Grandpa's Funeral
Jon Favreau,Speechless
Jon Favreau,Chicago Hope
Jon Favreau,Mrs. Parker and the Vicious Circle
Jon Favreau,Seinfeld
Jon Favreau,PCU
Jon Favreau,Rudy
Jon Favreau,Hoffa
Jon Favreau,Folks!
Alfred Molina,The Da Vinci Code
Alfred Molina,Law & Order: Special Victims Unit
Alfred Molina,Law & Order: Trial by Jury
Alfred Molina,Joan of Arc
Alfred Molina,Spider-Man 2 (PSP)
Alfred Molina,Steamboy
Alfred Molina,Spider-Man 2
Alfred Molina,Spider-Man 2: The Game
Alfred Molina,Spider-Man 2
Alfred Molina,Cronicas
Alfred Molina,Justice League
Alfred Molina,Luther
Alfred Molina,Coffee and Cigarettes
Alfred Molina,Identity
Alfred Molina,My Life Without Me
Alfred Molina,Bram and Alice
Alfred Molina,Ape
Alfred Molina,Undertaking Betty
Alfred Molina,Frida
Alfred Molina,Ladies Man
Alfred Molina,Texas Rangers
Alfred Molina,Murder on the Orient Express
Alfred Molina,Chocolat
Alfred Molina,The Miracle Maker
Alfred Molina,Magnolia
Alfred Molina,Dudley Do-Right
Alfred Molina,Pete's Meteor
Alfred Molina,The Wild Thornberrys
Alfred Molina,The Treat
Alfred Molina,The Impostors
Alfred Molina,Rescuers: Stories of Courage: Two Couples
Alfred Molina,The Place of Lions
Alfred Molina,The Man Who Knew Too Little
Alfred Molina,Boogie Nights
Alfred Molina,The Break
Alfred Molina,Anna Karenina
Alfred Molina,Mojave Moon
Alfred Molina,Before and After
Alfred Molina,Tracey Takes On...
Alfred Molina,Screen Two
Alfred Molina,Scorpion Spring
Alfred Molina,Species
Alfred Molina,Dead Man
Alfred Molina,The Perez Family
Alfred Molina,The Steal
Alfred Molina,Hideaway
Alfred Molina,Requiem Apache
Alfred Molina,Maverick
Alfred Molina,White Fang 2: Myth of the White Wolf
Alfred Molina,Cabin Boy
Alfred Molina,Typhon's People
Alfred Molina,Crime Story
Alfred Molina,When Pigs Fly
Alfred Molina,The Marshal
Alfred Molina,The Trial
Alfred Molina,A Year in Provence
Alfred Molina,Screen One
Alfred Molina,Angels
Alfred Molina,Boon
Alfred Molina,Ashenden
Alfred Molina,Performance
Alfred Molina,Enchanted April
Alfred Molina,American Friends
Alfred Molina,El C.I.D.
Alfred Molina,Not Without My Daughter
Alfred Molina,Revolutionary Witness: The Preacher
Alfred Molina,Saracen
Alfred Molina,Everyman
Alfred Molina,Nativity Blues
Alfred Molina,Manifesto
Alfred Molina,Miami Vice
Alfred Molina,Sunday Premiere
Alfred Molina,Prick Up Your Ears
Alfred Molina,Casualty
Alfred Molina,Eleni
Alfred Molina,Letter to Brezhnev
Alfred Molina,C.A.T.S. Eyes
Alfred Molina,Ladyhawke
Alfred Molina,Water
Alfred Molina,Angels in the Annexe
Alfred Molina,Number One
Alfred Molina,Meantime
Alfred Molina,Reilly: Ace of Spies
Alfred Molina,Anyone for Denis?
Alfred Molina,Joni Jones
Alfred Molina,Indiana Jones and the Raiders of the Lost Ark
Alfred Molina,Bognor
Alfred Molina,A Nightingale Sang in Berkeley Square
Alfred Molina,The Song of the Shirt
Alfred Molina,The Losers
Benedict Cumberbatch,Magik
Benedict Cumberbatch,Rio
Benedict Cumberbatch,Rogue Male
Benedict Cumberbatch,Morning
Benedict Cumberbatch,The 39 Steps
Benedict Cumberbatch,The Wonderful Story of Henry Sugar
Benedict Cumberbatch,Doctor Strange in the Multiverse of Madness
Benedict Cumberbatch,Spider-Man: No Way Home
Benedict Cumberbatch,What If...?
Benedict Cumberbatch,The Electrical Life of Louis Wain
Benedict Cumberbatch,The Power of the Dog
Benedict Cumberbatch,Great British Theatre
Benedict Cumberbatch,Sleep Sound - The Legend of Drizzt
Benedict Cumberbatch,The Simpsons
Benedict Cumberbatch,The Mauritanian
Benedict Cumberbatch,James and the Giant Peach with Taika and Friends
Benedict Cumberbatch,The Courier
Benedict Cumberbatch,The Tiger Who Came to Tea
Benedict Cumberbatch,1917
Benedict Cumberbatch,Avengers: Damage Control
Benedict Cumberbatch,Between Two Ferns: The Movie
Benedict Cumberbatch,Good Omens
Benedict Cumberbatch,Avengers: Endgame
Benedict Cumberbatch,Brexit
Benedict Cumberbatch,Mowgli: Legend of the Jungle
Benedict Cumberbatch,The Grinch
Benedict Cumberbatch,Patrick Melrose
Benedict Cumberbatch,Avengers: Infinity War
Benedict Cumberbatch,Thor: Ragnarok
Benedict Cumberbatch,The Child in Time
Benedict Cumberbatch,The Current War: Director's Cut
Benedict Cumberbatch,Sherlock
Benedict Cumberbatch,Richard III: Deleted Scenes
Benedict Cumberbatch,Doctor Strange
Benedict Cumberbatch,The Hollow Crown
Benedict Cumberbatch,Zoolander 2
Benedict Cumberbatch,Hamlet
Benedict Cumberbatch,Black Mass
Benedict Cumberbatch,9 Kisses
Benedict Cumberbatch,The Hobbit: The Battle of the Five Armies
Benedict Cumberbatch,Penguins of Madagascar
Benedict Cumberbatch,The Imitation Game
Benedict Cumberbatch,Family Guy: The Quest for Stuff
Benedict Cumberbatch,Sherlock: The Network
Benedict Cumberbatch,The Hobbit: The Desolation of Smaug
Benedict Cumberbatch,Fifty Years on Stage
Benedict Cumberbatch,Little Favour
Benedict Cumberbatch,August: Osage County
Benedict Cumberbatch,The Fifth Estate
Benedict Cumberbatch,12 Years a Slave
Benedict Cumberbatch,Star Trek Into Darkness
Benedict Cumberbatch,How to Behave
Benedict Cumberbatch,The Hobbit: An Unexpected Journey
Benedict Cumberbatch,Girlfriend in a Coma
Benedict Cumberbatch,Parade's End
Benedict Cumberbatch,Tinker Tailor Soldier Spy: Deleted Scenes
Benedict Cumberbatch,Wreckers
Benedict Cumberbatch,War Horse
Benedict Cumberbatch,Tinker Tailor Soldier Spy
Benedict Cumberbatch,Curiosity
Benedict Cumberbatch,Sonnet 155
Benedict Cumberbatch,Frankenstein
Benedict Cumberbatch,The Whistleblower
Benedict Cumberbatch,Third Star
Benedict Cumberbatch,Stephen Hawking's Universe
Benedict Cumberbatch,Painted with Words
Benedict Cumberbatch,Four Lions
Benedict Cumberbatch,Small Island
Benedict Cumberbatch,Creation
Benedict Cumberbatch,Theatre Live!
Benedict Cumberbatch,Burlesque Fairytales
Benedict Cumberbatch,Marple
Benedict Cumberbatch,The Last Enemy
Benedict Cumberbatch,The Other Boleyn Girl
Benedict Cumberbatch,Stuart: A Life Backwards
Benedict Cumberbatch,Atonement
Benedict Cumberbatch,Inseparable
Benedict Cumberbatch,Amazing Grace
Benedict Cumberbatch,Starter for 10
Benedict Cumberbatch,Broken News
Benedict Cumberbatch,To the Ends of the Earth
Benedict Cumberbatch,Nathan Barley
Benedict Cumberbatch,Hawking
Benedict Cumberbatch,Heartbeat
Benedict Cumberbatch,Dunkirk
Benedict Cumberbatch,Fortysomething
Benedict Cumberbatch,MI-5
Benedict Cumberbatch,Cambridge Spies
Benedict Cumberbatch,To Kill a King
Benedict Cumberbatch,Hills Like White Elephants
Benedict Cumberbatch,Silent Witness
Benedict Cumberbatch,Tipping the Velvet
Benedict Cumberbatch,Fields of Gold
Andrew Garfield,Brideshead Revisited
Andrew Garfield,Under the Banner of Heaven
Andrew Garfield,Spider-Man: No Way Home
Andrew Garfield,"tick, tick...BOOM!"
Andrew Garfield,The Eyes of Tammy Faye
Andrew Garfield,Mainstream
Andrew Garfield,Under the Silver Lake
Andrew Garfield,Breathe
Andrew Garfield,Angels in America: Part I - Millennium Approaches
Andrew Garfield,National Theatre Live: Angels in America Part Two: Perestroika
Andrew Garfield,Silence
Andrew Garfield,Hacksaw Ridge
Andrew Garfield,99 Homes
Andrew Garfield,Arcade Fire: We Exist
Andrew Garfield,The Amazing Spider-Man 2
Andrew Garfield,The Amazing Spider-Man
Andrew Garfield,The Social Network
Andrew Garfield,Never Let Me Go
Andrew Garfield,I'm Here
Andrew Garfield,Air
Andrew Garfield,Freezing
Andrew Garfield,The Imaginarium of Doctor Parnassus
Andrew Garfield,Red Riding: The Year of Our Lord 1974
Andrew Garfield,Red Riding: The Year of Our Lord 1980
Andrew Garfield,Red Riding: The Year of Our Lord 1983
Andrew Garfield,The Other Boleyn Girl
Andrew Garfield,Lions for Lambs
Andrew Garfield,Boy A
Andrew Garfield,Doctor Who
Andrew Garfield,Trial & Retribution
Andrew Garfield,Simon Schama's Power of Art
Andrew Garfield,Swinging
Andrew Garfield,Sugar Rush
Andrew Garfield,Mumbo Jumbo
Willem Dafoe,Tropico
Willem Dafoe,Poor Things
Willem Dafoe,Dead for A Dollar
Willem Dafoe,Inside
Willem Dafoe,The Legend of Ochi
Willem Dafoe,The Northman
Willem Dafoe,Spider-Man: No Way Home
Willem Dafoe,Nightmare Alley
Willem Dafoe,The Card Counter
Willem Dafoe,Twelve Minutes
Willem Dafoe,The French Dispatch
Willem Dafoe,Zack Snyder's Justice League
Willem Dafoe,7 Deaths of Maria Callas
Willem Dafoe,The Last Thing He Wanted
Willem Dafoe,Togo
Willem Dafoe,Siberia
Willem Dafoe,Motherless Brooklyn
Willem Dafoe,Tommaso
Willem Dafoe,The Lighthouse
Willem Dafoe,Swift
Willem Dafoe,Aquaman
Willem Dafoe,Vox Lux
Willem Dafoe,At Eternity's Gate
Willem Dafoe,The Late Show with Stephen Colbert
Willem Dafoe,Opus Zero
Willem Dafoe,Murder on the Orient Express
Willem Dafoe,Death Note
Willem Dafoe,What Happened to Monday
Willem Dafoe,The Florida Project
Willem Dafoe,The Great Wall
Willem Dafoe,Padre
Willem Dafoe,A Defintely Maybe
Willem Dafoe,Sculpt
Willem Dafoe,Finding Dory
Willem Dafoe,Dog Eat Dog
Willem Dafoe,My Hindu Friend
Willem Dafoe,The Simpsons
Willem Dafoe,John Wick
Willem Dafoe,Pasolini
Willem Dafoe,The Fault in Our Stars
Willem Dafoe,Bad Country
Willem Dafoe,The Grand Budapest Hotel
Willem Dafoe,A Most Wanted Man
Willem Dafoe,The Benaki Museum
Willem Dafoe,Nymphomaniac: Vol. II
Willem Dafoe,Out of the Furnace
Willem Dafoe,Beyond: Two Souls
Willem Dafoe,Love's Routine
Willem Dafoe,The Smile Man
Willem Dafoe,Saving Norman
Willem Dafoe,Odd Thomas
Willem Dafoe,Antony and the Johnsons: Cut the World
Willem Dafoe,Tomorrow You're Gone
Willem Dafoe,John Carter
Willem Dafoe,Gauguin: Maker of Myth
Willem Dafoe,The Hunter
Willem Dafoe,4:44 Last Day on Earth
Willem Dafoe,A Woman
Willem Dafoe,Miral
Willem Dafoe,American Experience
Willem Dafoe,Cirque du Freak: The Vampire's Assistant
Willem Dafoe,The Boondock Saints II: All Saints Day
Willem Dafoe,Fantastic Mr. Fox
Willem Dafoe,Daybreakers
Willem Dafoe,"My Son, My Son, What Have Ye Done"
Willem Dafoe,Farewell
Willem Dafoe,Antichrist
Willem Dafoe,The Dust of Time
Willem Dafoe,Adam Resurrected
Willem Dafoe,Fireflies in the Garden
Willem Dafoe,The Procedure
Willem Dafoe,Anamorph
Willem Dafoe,Go Go Tales
Willem Dafoe,Spider-Man 3
Willem Dafoe,Mr. Bean's Holiday
Willem Dafoe,The Walker
Willem Dafoe,Tales from Earthsea
Willem Dafoe,"Paris, je t'aime"
Willem Dafoe,Inside Man
Willem Dafoe,American Dreamz
Willem Dafoe,Ripley Under Ground
Willem Dafoe,Before It Had a Name
Willem Dafoe,Manderlay
Willem Dafoe,xXx: State of the Union
Willem Dafoe,The Aviator
Willem Dafoe,Control
Willem Dafoe,The Life Aquatic with Steve Zissou
Willem Dafoe,Jiminy Glick in Lalawood
Willem Dafoe,Spider-Man 2
Willem Dafoe,The Clearing
Willem Dafoe,Camel Cricket City
Willem Dafoe,James Bond 007: Everything or Nothing
Willem Dafoe,Once Upon a Time in Mexico
Willem Dafoe,Finding Nemo
Willem Dafoe,Finding Nemo
Willem Dafoe,The Reckoning
Willem Dafoe,Globehunters
Willem Dafoe,Auto Focus
Willem Dafoe,Spider-Man
Willem Dafoe,Spider-Man
Willem Dafoe,Edges of the Lord
Willem Dafoe,Pavilion of Women
Willem Dafoe,Bullfighter
Willem Dafoe,Shadow of the Vampire
Willem Dafoe,Animal Factory
Willem Dafoe,American Psycho
Willem Dafoe,The Boondock Saints
Willem Dafoe,eXistenZ
Willem Dafoe,New Rose Hotel
Willem Dafoe,Lulu on the Bridge
Willem Dafoe,Affliction
Willem Dafoe,Speed 2: Cruise Control
Willem Dafoe,Victory
Willem Dafoe,The English Patient
Willem Dafoe,Basquiat
Willem Dafoe,The Night and the Moment
Willem Dafoe,Clear and Present Danger
Willem Dafoe,Tom & Viv
Willem Dafoe,"Faraway, So Close!"
Willem Dafoe,Body of Evidence
Willem Dafoe,White Sands
Willem Dafoe,Light Sleeper
Willem Dafoe,Flight of the Intruder
Willem Dafoe,Arrive Alive
Willem Dafoe,Wild at Heart
Willem Dafoe,Cry-Baby
Willem Dafoe,Born on the Fourth of July
Willem Dafoe,Triumph of the Spirit
Willem Dafoe,Mississippi Burning
Willem Dafoe,The Last Temptation of Christ
Willem Dafoe,Off Limits
Willem Dafoe,Dear America: Letters Home from Vietnam
Willem Dafoe,Platoon
Willem Dafoe,The Hitchhiker
Willem Dafoe,O Panama
Willem Dafoe,To Live and Die in L.A.
Willem Dafoe,Streets of Fire
Willem Dafoe,Roadhouse 66
Willem Dafoe,Shackin' Up
Willem Dafoe,The Hunger
Willem Dafoe,White Lies
Willem Dafoe,The Loveless
Willem Dafoe,Heaven's Gate
